bin_low,bin_high,count,avg_confidence,empirical_rate
0.0,0.1,220,0.06800072516000938,0.02727272727272727
0.1,0.2,489,0.15029451422898718,0.16155419222903886
0.2,0.30000000000000004,418,0.2451884871460994,0.2751196172248804
0.30000000000000004,0.4,283,0.3490041508679864,0.35335689045936397
0.4,0.5,186,0.44500533256570013,0.46774193548387094
0.5,0.6000000000000001,121,0.5482746272958685,0.5537190082644629
0.6000000000000001,0.7000000000000001,50,0.6420991676340568,0.64
0.7000000000000001,0.8,25,0.7387643125435872,0.76
0.8,0.9,7,0.8538748909086988,0.7142857142857143
0.9,1.0,1,0.9022332823059016,1.0
