request_id,created_at,request_type,priority,channel,customer_tier,region,agent_experience_months,queue_length,estimated_work_hours,historical_sla_rate,attachments_count,is_holiday,system_load,customer_complexity_score,hour_of_day,weekday,days_since_last_request,late,time_period,rare_case,predicted_probability,predicted,confidence,likely_cause,possible_fix
REQ-011554,2026-07-25 20:00:42.003500288,support,medium,email,standard,south,27.82,16.0,5.43,0.681,1.0,1.0,0.7,0.376,15.0,5.0,3.1,0,2026-07,common,0.5008115463640331,1,0.5008115463640331,large estimated workload,improve work-hour estimation and include task dependency signals
REQ-011532,2026-07-24 01:11:45.958829904,support,high,phone,standard,east,15.8,23.0,0.96,0.617,3.0,0.0,1.01,0.224,15.0,1.0,5.94,1,2026-07,common,0.4987307851294654,0,0.5012692148705347,weak historical SLA performance,recalibrate frequently and add customer/account-level history
REQ-010681,2026-05-16 01:00:43.503625312,delivery,medium,email,standard,south,41.97,30.0,3.31,0.73,1.0,0.0,0.763,0.447,16.0,2.0,0.38,0,2026-05,common,0.501476699318192,1,0.501476699318192,large estimated workload,improve work-hour estimation and include task dependency signals
REQ-011698,2026-08-06 12:15:32.477706480,delivery,medium,phone,enterprise,west,7.34,20.0,1.81,0.659,3.0,1.0,0.898,0.305,11.0,6.0,22.81,0,2026-08,common,0.5020189277971847,1,0.5020189277971847,weak historical SLA performance,recalibrate frequently and add customer/account-level history
REQ-011849,2026-08-18 18:07:46.238853232,support,medium,email,standard,west,5.39,19.0,2.75,0.744,2.0,0.0,0.52,0.685,1.0,4.0,10.4,0,2026-08,common,0.5021138403790594,1,0.5021138403790594,large estimated workload,improve work-hour estimation and include task dependency signals
REQ-011206,2026-06-27 14:44:50.024168688,support,medium,email,standard,east,12.75,22.0,1.62,0.726,1.0,1.0,1.127,0.386,15.0,5.0,4.33,0,2026-06,common,0.5026641647492137,1,0.5026641647492137,high system load,add recent load trend and capacity features
REQ-011771,2026-08-12 10:19:43.898658224,delivery,low,portal,standard,south,25.93,30.0,2.11,0.652,4.0,0.0,0.74,0.515,21.0,2.0,6.03,0,2026-08,common,0.5029605752747113,1,0.5029605752747113,large estimated workload,improve work-hour estimation and include task dependency signals
REQ-011790,2026-08-13 23:18:21.391782656,support,low,email,standard,west,8.61,19.0,4.76,0.659,1.0,0.0,0.668,,21.0,0.0,9.18,1,2026-08,common,0.4960142143024395,0,0.5039857856975605,large estimated workload,improve work-hour estimation and include task dependency signals
REQ-011158,2026-06-23 17:19:53.199433296,billing,medium,email,enterprise,west,,30.0,3.04,0.579,0.0,1.0,0.706,0.101,15.0,6.0,8.35,0,2026-06,common,0.5050014385900551,1,0.5050014385900551,large estimated workload,improve work-hour estimation and include task dependency signals
REQ-010433,2026-04-25 22:21:49.909159104,support,high,email,standard,south,3.7,23.0,0.79,0.807,0.0,0.0,0.929,0.536,18.0,4.0,2.03,0,2026-04,common,0.5055593608915551,1,0.5055593608915551,high system load,add recent load trend and capacity features
REQ-010917,2026-06-04 04:18:22.891907664,delivery,high,email,standard,south,13.39,23.0,1.78,0.797,1.0,1.0,0.759,0.298,20.0,5.0,7.55,1,2026-06,common,0.4937188844241892,0,0.5062811155758108,high queue pressure,increase queue-related features or add a live backlog signal
REQ-011578,2026-07-27 18:43:10.415867984,support,low,email,standard,south,21.22,35.0,1.17,0.668,2.0,0.0,0.771,0.41,12.0,3.0,13.4,0,2026-07,common,0.5063794224468712,1,0.5063794224468712,weak historical SLA performance,recalibrate frequently and add customer/account-level history
REQ-011013,2026-06-11 23:08:16.541378448,maintenance,high,email,premium,north,11.54,23.0,1.48,0.768,0.0,1.0,0.903,0.388,18.0,5.0,0.6,0,2026-06,common,0.506502247405018,1,0.506502247405018,high system load,add recent load trend and capacity features
REQ-010627,2026-05-11 15:55:09.575797984,support,medium,portal,premium,west,14.11,28.0,1.68,0.518,0.0,0.0,0.801,0.178,16.0,2.0,14.74,1,2026-05,common,0.4934938955868039,0,0.5065061044131961,weak historical SLA performance,recalibrate frequently and add customer/account-level history
REQ-011491,2026-07-20 17:24:12.421035088,support,high,portal,premium,east,35.89,19.0,5.01,0.641,2.0,0.0,0.74,0.296,22.0,3.0,0.42,0,2026-07,common,0.5068628708729839,1,0.5068628708729839,large estimated workload,improve work-hour estimation and include task dependency signals
REQ-010475,2026-04-29 08:06:09.630802576,delivery,medium,email,premium,south,3.77,20.0,2.75,0.666,2.0,1.0,0.578,0.351,0.0,5.0,2.65,0,2026-04,common,0.5075004336185476,1,0.5075004336185476,large estimated workload,improve work-hour estimation and include task dependency signals
REQ-011096,2026-06-18 16:40:09.800816736,billing,high,email,standard,north,36.6,22.0,5.02,0.833,1.0,0.0,0.815,0.528,11.0,2.0,3.2,1,2026-06,common,0.49244486273894655,0,0.5075551372610534,large estimated workload,improve work-hour estimation and include task dependency signals
REQ-011626,2026-07-31 16:08:07.240603392,support,high,,standard,west,18.86,17.0,2.77,0.739,0.0,1.0,0.832,0.529,13.0,6.0,7.96,0,2026-07,common,0.5077462750733173,1,0.5077462750733173,large estimated workload,improve work-hour estimation and include task dependency signals
REQ-010318,2026-04-16 14:33:18.766563888,delivery,medium,email,premium,south,21.33,19.0,5.05,0.826,0.0,0.0,1.058,0.433,22.0,0.0,2.92,0,2026-04,common,0.5082490788639799,1,0.5082490788639799,large estimated workload,improve work-hour estimation and include task dependency signals
REQ-011923,2026-08-24 18:08:43.843653632,billing,medium,portal,standard,south,16.19,28.0,1.04,0.735,0.0,0.0,0.906,0.829,8.0,4.0,0.32,0,2026-08,common,0.5104555870799514,1,0.5104555870799514,high customer complexity,add interaction-level complexity features and nonlinear model
REQ-010831,2026-05-28 04:56:11.080923408,billing,high,email,standard,west,19.62,16.0,2.9,0.58,1.0,1.0,0.379,0.636,13.0,5.0,1.25,1,2026-05,common,0.48605985160837956,0,0.5139401483916204,large estimated workload,improve work-hour estimation and include task dependency signals
REQ-011300,2026-07-05 05:41:11.305942160,maintenance,critical,portal,,east,8.21,21.0,2.04,0.82,1.0,0.0,0.961,0.503,18.0,4.0,2.49,0,2026-07,rare,0.515022290238587,1,0.515022290238587,large estimated workload,improve work-hour estimation and include task dependency signals
REQ-011977,2026-08-29 03:14:17.771480960,support,high,api,,east,,28.0,1.45,0.817,0.0,1.0,0.913,0.512,20.0,5.0,0.1,0,2026-08,common,0.5151493944847831,1,0.5151493944847831,high system load,add recent load trend and capacity features
REQ-011950,2026-08-26 22:41:30.807567296,delivery,medium,phone,standard,south,20.63,28.0,1.81,,1.0,0.0,0.882,0.696,0.0,0.0,1.68,1,2026-08,common,0.4839003716611385,0,0.5160996283388615,high system load,add recent load trend and capacity features
REQ-010816,2026-05-26 23:44:38.323193600,support,medium,email,standard,north,11.86,23.0,3.91,0.99,2.0,0.0,0.761,0.611,15.0,0.0,13.59,1,2026-05,common,0.48323785168649597,0,0.5167621483135041,large estimated workload,improve work-hour estimation and include task dependency signals
REQ-011209,2026-06-27 20:35:08.575714640,billing,high,portal,standard,east,3.34,26.0,0.65,0.681,0.0,0.0,0.801,,21.0,4.0,3.0,0,2026-06,common,0.5168266525811825,1,0.5168266525811825,weak historical SLA performance,recalibrate frequently and add customer/account-level history
REQ-011273,2026-07-03 01:08:24.342028512,onboarding,high,phone,standard,east,20.62,22.0,1.9,0.642,0.0,0.0,0.93,0.56,6.0,4.0,10.74,0,2026-07,common,0.5168808230454423,1,0.5168808230454423,large estimated workload,improve work-hour estimation and include task dependency signals
REQ-011061,2026-06-15 20:33:13.366113840,delivery,medium,,enterprise,north,14.78,31.0,1.46,0.674,0.0,0.0,0.881,0.47,10.0,3.0,2.31,0,2026-06,common,0.5179254132475468,1,0.5179254132475468,weak historical SLA performance,recalibrate frequently and add customer/account-level history
REQ-011769,2026-08-12 06:26:11.530960912,support,medium,email,premium,east,16.03,19.0,1.91,0.693,3.0,0.0,0.811,0.612,19.0,2.0,11.8,1,2026-08,common,0.4820415156291654,0,0.5179584843708346,large estimated workload,improve work-hour estimation and include task dependency signals
REQ-011921,2026-08-24 14:15:11.475956336,billing,low,portal,standard,north,17.69,29.0,7.09,0.978,1.0,0.0,0.865,0.378,8.0,0.0,2.9,1,2026-08,common,0.48194406115152705,0,0.5180559388484729,large estimated workload,improve work-hour estimation and include task dependency signals
REQ-011341,2026-07-08 13:28:44.843736976,maintenance,medium,portal,standard,south,10.41,21.0,3.16,0.72,0.0,0.0,0.71,0.656,11.0,1.0,0.3,0,2026-07,common,0.5187230087114436,1,0.5187230087114436,large estimated workload,improve work-hour estimation and include task dependency signals
REQ-010490,2026-04-30 13:17:42.388532384,maintenance,high,email,standard,east,15.06,24.0,1.85,0.75,1.0,0.0,0.844,0.307,2.0,1.0,0.41,1,2026-04,common,0.4801105289809108,0,0.5198894710190892,large estimated workload,improve work-hour estimation and include task dependency signals
REQ-010884,2026-06-01 12:04:58.824902080,billing,low,email,standard,east,15.83,23.0,2.87,0.821,2.0,0.0,1.15,0.765,6.0,0.0,12.51,1,2026-06,common,0.47999953949877533,0,0.5200004605012247,large estimated workload,improve work-hour estimation and include task dependency signals
REQ-011939,2026-08-26 01:17:02.785232112,delivery,medium,email,premium,east,23.01,23.0,3.09,0.576,2.0,1.0,0.805,0.108,9.0,5.0,11.73,0,2026-08,common,0.520370998357199,1,0.520370998357199,large estimated workload,improve work-hour estimation and include task dependency signals
REQ-010580,2026-05-07 20:26:58.934911248,support,high,,standard,east,32.91,23.0,2.34,0.725,1.0,1.0,0.757,0.463,12.0,5.0,0.92,1,2026-05,common,0.47945550704914847,0,0.5205444929508516,large estimated workload,improve work-hour estimation and include task dependency signals
REQ-011603,2026-07-29 19:22:25.012084336,support,medium,portal,premium,east,8.43,31.0,0.81,,1.0,0.0,0.852,0.585,2.0,1.0,6.67,1,2026-07,common,0.4775374806830909,0,0.5224625193169091,high system load,add recent load trend and capacity features
REQ-011656,2026-08-03 02:31:12.756063008,maintenance,low,api,standard,south,1.21,24.0,2.61,0.821,2.0,0.0,0.823,0.677,2.0,1.0,4.39,1,2026-08,common,0.4774849558319941,0,0.522515044168006,large estimated workload,improve work-hour estimation and include task dependency signals
REQ-011925,2026-08-24 22:02:16.211350944,support,medium,email,standard,north,6.62,28.0,0.99,0.789,2.0,0.0,0.963,0.275,23.0,4.0,12.54,1,2026-08,common,0.4771506762534606,0,0.5228493237465395,high system load,add recent load trend and capacity features
REQ-011651,2026-08-02 16:47:21.836819744,delivery,low,portal,standard,south,12.12,25.0,3.89,0.764,0.0,0.0,1.023,0.63,16.0,0.0,0.03,0,2026-08,common,0.5230919665919016,1,0.5230919665919016,large estimated workload,improve work-hour estimation and include task dependency signals
REQ-011543,2026-07-24 22:36:13.981165104,delivery,high,portal,standard,west,23.34,24.0,0.84,0.656,1.0,0.0,0.903,0.627,16.0,4.0,1.79,0,2026-07,common,0.5232168291207638,1,0.5232168291207638,weak historical SLA performance,recalibrate frequently and add customer/account-level history
REQ-011011,2026-06-11 19:14:44.173681136,delivery,low,email,standard,west,10.17,20.0,2.85,0.645,2.0,0.0,0.786,0.678,8.0,2.0,0.47,1,2026-06,common,0.4757177120201542,0,0.5242822879798458,large estimated workload,improve work-hour estimation and include task dependency signals
REQ-010282,2026-04-13 16:29:36.148012336,billing,high,email,standard,east,5.47,22.0,1.15,0.713,2.0,0.0,0.851,0.473,23.0,1.0,8.41,0,2026-04,common,0.524958615066879,1,0.524958615066879,weak historical SLA performance,recalibrate frequently and add customer/account-level history
REQ-010791,2026-05-24 23:05:23.726977248,onboarding,medium,email,enterprise,east,27.58,24.0,5.57,0.732,0.0,0.0,0.632,0.611,5.0,0.0,3.1,0,2026-05,common,0.5257947062492583,1,0.5257947062492583,large estimated workload,improve work-hour estimation and include task dependency signals
REQ-010713,2026-05-18 15:17:21.386782240,delivery,low,phone,standard,south,22.15,26.0,6.61,,1.0,0.0,0.806,0.356,9.0,1.0,2.56,0,2026-05,common,0.526023499852273,1,0.526023499852273,large estimated workload,improve work-hour estimation and include task dependency signals
REQ-010799,2026-05-25 14:39:33.197766480,onboarding,low,email,enterprise,north,8.3,30.0,2.76,0.748,0.0,1.0,0.679,0.77,7.0,5.0,4.95,0,2026-05,common,0.5264914082077249,1,0.5264914082077249,large estimated workload,improve work-hour estimation and include task dependency signals
REQ-011689,2026-08-05 18:44:36.823068592,maintenance,high,email,standard,north,19.28,28.0,2.49,,1.0,0.0,0.678,0.268,6.0,2.0,4.23,1,2026-08,common,0.47224245188257585,0,0.5277575481174241,large estimated workload,improve work-hour estimation and include task dependency signals
REQ-011316,2026-07-06 12:49:30.247520624,support,medium,email,standard,east,3.64,33.0,0.56,,1.0,1.0,0.889,0.302,0.0,5.0,4.57,0,2026-07,common,0.5290640981197561,1,0.5290640981197561,high system load,add recent load trend and capacity features
REQ-011657,2026-08-03 04:27:58.939911664,support,medium,email,standard,east,27.35,17.0,3.98,0.537,1.0,0.0,0.644,0.612,15.0,4.0,6.37,0,2026-08,common,0.5304763617584244,1,0.5304763617584244,large estimated workload,improve work-hour estimation and include task dependency signals
REQ-011469,2026-07-18 22:35:16.376364704,billing,medium,email,standard,north,25.45,20.0,3.63,0.648,4.0,0.0,1.153,0.366,2.0,4.0,0.04,0,2026-07,common,0.5310131878288546,1,0.5310131878288546,large estimated workload,improve work-hour estimation and include task dependency signals
REQ-011363,2026-07-10 08:17:40.888407376,billing,high,phone,standard,south,19.44,13.0,4.47,0.674,1.0,0.0,0.714,0.566,17.0,1.0,3.11,1,2026-07,common,0.4685094139588083,0,0.5314905860411917,large estimated workload,improve work-hour estimation and include task dependency signals
