precision,recall,f1,pr_auc,brier,slice,value,n,late_rate
0.6071428571428571,0.2125,0.3148148148148148,0.48359750770857535,0.166921742203094,request_type,billing,310,0.25806451612903225
0.44,0.19642857142857142,0.2716049382716049,0.46266000344528546,0.1900449648354991,request_type,delivery,393,0.28498727735368956
0.59375,0.1919191919191919,0.2900763358778626,0.4964642578882683,0.2105583075802558,request_type,maintenance,296,0.3344594594594595
0.35714285714285715,0.10638297872340426,0.16393442622950818,0.39216623456293875,0.21054069078953272,request_type,onboarding,160,0.29375
0.6329113924050633,0.2857142857142857,0.3937007874015748,0.5398998901349276,0.18457493414046017,request_type,support,584,0.2996575342465753
0.5,0.17647058823529413,0.2608695652173913,0.5034558158530991,0.19520117901989675,request_type,nan,57,0.2982456140350877
0.8888888888888888,0.25806451612903225,0.4,0.6394500495527592,0.2312274603843806,priority,critical,75,0.41333333333333333
0.550561797752809,0.3475177304964539,0.4260869565217391,0.5513749440918763,0.23682053799348568,priority,high,336,0.41964285714285715
0.6551724137931034,0.12751677852348994,0.21348314606741572,0.4736812503884393,0.15601711354991799,priority,low,646,0.2306501547987616
0.4878048780487805,0.19138755980861244,0.27491408934707906,0.42675541225542063,0.19335476975459936,priority,medium,743,0.2812920592193809
0.3157894736842105,0.15384615384615385,0.20689655172413793,0.3070071037492983,0.15722481125809362,customer_tier,enterprise,206,0.18932038834951456
0.6511627906976745,0.24561403508771928,0.35668789808917195,0.5198734703722605,0.17046722242400014,customer_tier,premium,432,0.2638888888888889
0.5602836879432624,0.21584699453551912,0.3116370808678501,0.49884545003318714,0.20468670023227564,customer_tier,standard,1113,0.3288409703504043
0.5,0.2727272727272727,0.35294117647058826,0.541555414282687,0.1534073675652241,customer_tier,nan,49,0.22448979591836735
0.53125,0.265625,0.3541666666666667,0.45589340296731107,0.182241564646969,region,east,466,0.27467811158798283
0.5641025641025641,0.17054263565891473,0.2619047619047619,0.491241690384705,0.1881381859744898,region,north,449,0.2873051224944321
0.5735294117647058,0.28888888888888886,0.3842364532019704,0.5303083262037669,0.1883677009450233,region,south,435,0.3103448275862069
0.5526315789473685,0.15217391304347827,0.23863636363636365,0.46923254446965623,0.2000552111920788,region,west,450,0.30666666666666664
0.575,0.26436781609195403,0.36220472440944884,0.505903684055572,0.18804534615711244,time_period,2026-04,295,0.29491525423728815
0.6190476190476191,0.23636363636363636,0.34210526315789475,0.4948277310055125,0.1806016005787976,time_period,2026-05,382,0.2879581151832461
0.5853658536585366,0.20689655172413793,0.3057324840764331,0.4925315823579939,0.19842741102871464,time_period,2026-06,370,0.31351351351351353
0.5952380952380952,0.22321428571428573,0.3246753246753247,0.5101222106262616,0.18908092906352864,time_period,2026-07,383,0.2924281984334204
0.4090909090909091,0.17142857142857143,0.24161073825503357,0.4458235920144144,0.19206508953013335,time_period,2026-08,370,0.28378378378378377
0.5412371134020618,0.21739130434782608,0.310192023633678,0.4783446406364295,0.187838068965886,rare_case,common,1669,0.2893948472139005
0.7333333333333333,0.23404255319148937,0.3548387096774194,0.5649965040689561,0.21268452268313243,rare_case,rare,131,0.35877862595419846
